event_id,vehicle_id,ts,lat,lon,speed,warehouse_id
ev-000000,V-044,2026-03-19T20:04:22.194720+00:00Z,40.995589,-4.182003,33.24,WH-VLC
ev-000001,V-019,2026-03-19T20:06:01.194720+00:00Z,41.231323,-2.858056,37.49,WH-SEV
ev-000002,V-007,2026-03-19T20:08:34.194720+00:00Z,38.657035,-2.627716,49.73,WH-BIL
ev-000003,V-034,2026-03-19T20:11:10.194720+00:00Z,40.165076,-2.76893,14.68,WH-SEV
ev-000004,V-045,2026-03-19T20:11:42.194720+00:00Z,40.308809,-3.522987,49.1,WH-MAD
ev-000005,V-015,2026-03-19T20:14:34.194720+00:00Z,41.881392,-3.214714,13.59,WH-VLC
ev-000006,V-031,2026-03-19T20:17:08.194720+00:00Z,40.504353,-4.376657,24.77,WH-SEV
ev-000007,V-010,2026-03-19T20:17:33.194720+00:00Z,38.567873,-3.258203,76.01,WH-MAD
ev-000008,V-024,2026-03-19T20:20:14.194720+00:00Z,41.859141,-2.529963,60.44,WH-SEV
ev-000009,V-033,2026-03-19T20:23:09.194720+00:00Z,41.65422,-3.868537,85.4,WH-SEV
ev-000010,V-018,2026-03-19T20:24:31.194720+00:00Z,40.831163,-2.829701,68.51,WH-VLC
ev-000011,V-004,2026-03-19T20:26:32.194720+00:00Z,38.308623,-3.846038,29.45,WH-SEV
ev-000012,V-012,2026-03-19T20:27:41.194720+00:00Z,38.416055,-4.350071,28.07,WH-MAD
ev-000013,V-027,2026-03-19T20:29:49.194720+00:00Z,38.928925,-2.554779,79.95,WH-BIL
ev-000014,V-006,2026-03-19T20:32:39.194720+00:00Z,41.766272,-3.627724,15.7,WH-BCN
ev-000015,V-047,2026-03-19T20:35:26.194720+00:00Z,40.613598,-4.196373,7.04,WH-VLC
ev-000016,V-031,2026-03-19T20:36:11.194720+00:00Z,39.254392,-3.818324,34.75,WH-BCN
ev-000017,V-034,2026-03-19T20:39:01.194720+00:00Z,40.782417,-2.547906,2.89,WH-VLC
ev-000018,V-046,2026-03-19T20:39:39.194720+00:00Z,38.822174,-3.534278,15.29,WH-SEV
ev-000019,V-023,2026-03-19T20:42:49.194720+00:00Z,41.51342,-2.834336,11.63,WH-MAD
ev-000020,V-017,2026-03-19T20:44:47.194720+00:00Z,40.019059,-3.610276,58.96,WH-SEV
ev-000021,V-039,2026-03-19T20:45:55.194720+00:00Z,41.944275,-3.62757,29.27,WH-BCN
ev-000022,V-027,2026-03-19T20:48:38.194720+00:00Z,41.67955,-4.224393,26.4,WH-BCN
ev-000023,V-002,2026-03-19T20:49:32.194720+00:00Z,38.289872,-4.394556,8.77,WH-BIL
ev-000024,V-006,2026-03-19T20:52:08.194720+00:00Z,38.613275,-2.565927,35.57,WH-SEV
ev-000025,V-050,2026-03-19T20:53:52.194720+00:00Z,38.318928,-3.849088,3.47,WH-BIL
ev-000026,V-008,2026-03-19T20:56:17.194720+00:00Z,41.967169,-4.159237,12.51,WH-BIL
ev-000027,V-012,2026-03-19T20:57:54.194720+00:00Z,39.284836,-2.545046,41.43,WH-VLC
ev-000028,V-019,2026-03-19T20:59:34.194720+00:00Z,38.071269,-2.747502,53.0,WH-BIL
ev-000029,V-001,2026-03-19T21:03:03.194720+00:00Z,39.609891,-3.331581,0.22,WH-MAD
ev-000030,V-014,2026-03-19T21:04:47.194720+00:00Z,41.29586,-3.667919,36.69,WH-MAD
ev-000031,V-033,2026-03-19T21:06:11.194720+00:00Z,41.61088,-2.604644,31.03,WH-SEV
ev-000032,V-011,2026-03-19T21:07:56.194720+00:00Z,39.054303,-2.964794,34.1,WH-SEV
ev-000033,V-028,2026-03-19T21:11:26.194720+00:00Z,40.132417,-4.261842,16.95,WH-BCN
ev-000034,V-021,2026-03-19T21:12:50.194720+00:00Z,38.761956,-2.725052,82.37,WH-BCN
ev-000035,V-049,2026-03-19T21:15:25.194720+00:00Z,38.903546,-3.600723,47.87,WH-BCN
ev-000036,V-012,2026-03-19T21:17:24.194720+00:00Z,41.001399,-4.04495,65.28,WH-BIL
ev-000037,V-021,2026-03-19T21:19:03.194720+00:00Z,39.058768,-4.018299,80.27,WH-SEV
ev-000038,V-014,2026-03-19T21:19:34.194720+00:00Z,39.633159,-3.494603,79.37,WH-BCN
ev-000039,V-044,2026-03-19T21:22:28.194720+00:00Z,38.561291,-4.043383,67.52,WH-BIL
ev-000040,V-042,2026-03-19T21:24:44.194720+00:00Z,38.299739,-4.11371,80.63,WH-VLC
ev-000041,V-041,2026-03-19T21:26:54.194720+00:00Z,38.502263,-4.206575,1.22,WH-BCN
ev-000042,V-005,2026-03-19T21:28:54.194720+00:00Z,38.082501,-3.388297,32.91,WH-BCN
ev-000043,V-012,2026-03-19T21:29:54.194720+00:00Z,41.164651,-2.965263,78.19,WH-MAD
ev-000044,V-002,2026-03-19T21:32:16.194720+00:00Z,40.937732,-3.653905,22.81,WH-BIL
ev-000045,V-003,2026-03-19T21:35:24.194720+00:00Z,40.442733,-3.835718,64.81,WH-VLC
ev-000046,V-014,2026-03-19T21:35:41.194720+00:00Z,40.843637,-2.701542,23.47,WH-BIL
ev-000047,V-036,2026-03-19T21:37:59.194720+00:00Z,41.281745,-4.470912,53.97,WH-VLC
ev-000048,V-039,2026-03-19T21:41:10.194720+00:00Z,41.100673,-4.155807,9.28,WH-SEV
ev-000049,V-048,2026-03-19T21:43:09.194720+00:00Z,38.341028,-3.227123,79.41,WH-BIL
ev-000050,V-029,2026-03-19T21:43:45.194720+00:00Z,40.187181,-3.125585,36.28,WH-SEV
ev-000051,V-006,2026-03-19T21:46:22.194720+00:00Z,38.985704,-3.053007,36.97,WH-BCN
ev-000052,V-015,2026-03-19T21:49:26.194720+00:00Z,40.762569,-3.877505,22.92,WH-MAD
ev-000053,V-014,2026-03-19T21:51:04.194720+00:00Z,41.112346,-2.774354,61.96,WH-BIL
ev-000054,V-005,2026-03-19T21:52:03.194720+00:00Z,39.572672,-2.859956,87.12,WH-BIL
ev-000055,V-023,2026-03-19T21:53:32.194720+00:00Z,38.000056,-3.341604,83.33,WH-BIL
ev-000056,V-012,2026-03-19T21:55:46.194720+00:00Z,41.81396,-3.470972,72.06,WH-SEV
ev-000057,V-032,2026-03-19T21:59:25.194720+00:00Z,40.788884,-4.40641,50.57,WH-VLC
ev-000058,V-004,2026-03-19T22:00:05.194720+00:00Z,40.431791,-3.405109,38.38,WH-BIL
ev-000059,V-016,2026-03-19T22:02:21.194720+00:00Z,41.035572,-4.363827,45.63,WH-BCN
ev-000060,V-030,2026-03-19T22:04:38.194720+00:00Z,38.472598,-3.622948,63.36,WH-SEV
ev-000061,V-018,2026-03-19T22:06:58.194720+00:00Z,40.449764,-2.851627,62.48,WH-VLC
ev-000062,V-017,2026-03-19T22:09:25.194720+00:00Z,38.29416,-4.348999,70.65,WH-BIL
ev-000063,V-050,2026-03-19T22:09:42.194720+00:00Z,38.446637,-4.223613,51.18,WH-BIL
ev-000064,V-047,2026-03-19T22:11:55.194720+00:00Z,40.242399,-2.615595,78.3,WH-SEV
ev-000065,V-041,2026-03-19T22:14:41.194720+00:00Z,41.470984,-4.047393,49.46,WH-MAD
ev-000066,V-002,2026-03-19T22:17:25.194720+00:00Z,41.399231,-4.348614,33.87,WH-MAD
ev-000067,V-006,2026-03-19T22:19:17.194720+00:00Z,39.467896,-2.762169,38.86,WH-SEV
ev-000068,V-029,2026-03-19T22:21:15.194720+00:00Z,38.388636,-3.901424,87.91,WH-VLC
ev-000069,V-042,2026-03-19T22:21:36.194720+00:00Z,41.560515,-2.563898,28.64,WH-MAD
ev-000070,V-016,2026-03-19T22:24:29.194720+00:00Z,39.989574,-3.213272,82.32,WH-BIL
ev-000071,V-036,2026-03-19T22:27:15.194720+00:00Z,39.497777,-2.883182,25.22,WH-BCN
ev-000072,V-024,2026-03-19T22:28:26.194720+00:00Z,39.18831,-3.132231,85.66,WH-BIL
ev-000073,V-041,2026-03-19T22:30:28.194720+00:00Z,40.312429,-4.220223,80.53,WH-BCN
ev-000074,V-043,2026-03-19T22:32:39.194720+00:00Z,39.67475,-4.233487,89.3,WH-VLC
ev-000075,V-042,2026-03-19T22:34:24.194720+00:00Z,39.295917,-3.888184,50.65,WH-MAD
ev-000076,V-005,2026-03-19T22:36:54.194720+00:00Z,41.613817,-3.057415,0.9,WH-BCN
ev-000077,V-027,2026-03-19T22:38:41.194720+00:00Z,40.447273,-3.62306,16.6,WH-VLC
ev-000078,V-032,2026-03-19T22:41:01.194720+00:00Z,41.754054,-2.879047,34.35,WH-SEV
ev-000079,V-026,2026-03-19T22:43:15.194720+00:00Z,38.320253,-2.875862,76.27,WH-VLC
ev-000080,V-029,2026-03-19T22:43:37.194720+00:00Z,40.150911,-3.098637,44.01,WH-VLC
ev-000081,V-029,2026-03-19T22:45:33.194720+00:00Z,39.64982,-4.403745,5.52,WH-BCN
ev-000082,V-008,2026-03-19T22:48:41.194720+00:00Z,40.022556,-3.573112,75.52,WH-BCN
ev-000083,V-013,2026-03-19T22:49:50.194720+00:00Z,38.289306,-3.806314,66.92,WH-MAD
ev-000084,V-001,2026-03-19T22:52:34.194720+00:00Z,40.709555,-4.453535,9.87,WH-BCN
ev-000085,V-027,2026-03-19T22:53:45.194720+00:00Z,39.248659,-2.708948,13.25,WH-BIL
ev-000086,V-026,2026-03-19T22:55:58.194720+00:00Z,40.50999,-3.01928,28.96,WH-MAD
ev-000087,V-013,2026-03-19T22:59:26.194720+00:00Z,40.753988,-3.396918,55.39,WH-VLC
ev-000088,V-049,2026-03-19T23:01:02.194720+00:00Z,41.882011,-2.765853,78.28,WH-BIL
ev-000089,V-034,2026-03-19T23:01:47.194720+00:00Z,38.425738,-2.772591,6.71,WH-MAD
ev-000090,V-023,2026-03-19T23:03:46.194720+00:00Z,41.961776,-4.101083,62.79,WH-BIL
ev-000091,V-038,2026-03-19T23:06:04.194720+00:00Z,38.351414,-3.679281,29.14,WH-VLC
ev-000092,V-014,2026-03-19T23:08:20.194720+00:00Z,39.897914,-3.436857,31.55,WH-VLC
ev-000093,V-009,2026-03-19T23:11:18.194720+00:00Z,39.456342,-2.695527,48.13,WH-BIL
ev-000094,V-038,2026-03-19T23:11:34.194720+00:00Z,40.87651,-4.188178,78.77,WH-MAD
ev-000095,V-033,2026-03-19T23:13:59.194720+00:00Z,38.302022,-3.534751,1.78,WH-VLC
ev-000096,V-046,2026-03-19T23:16:04.194720+00:00Z,39.546461,-3.598454,46.83,WH-SEV
ev-000097,V-048,2026-03-19T23:17:40.194720+00:00Z,39.640381,-4.256591,46.14,WH-SEV
ev-000098,V-044,2026-03-19T23:20:20.194720+00:00Z,40.586663,-3.736267,15.92,WH-VLC
ev-000099,V-042,2026-03-19T23:22:56.194720+00:00Z,40.939608,-4.051842,55.31,WH-BCN
ev-000100,V-030,2026-03-19T23:24:32.194720+00:00Z,40.581776,-3.321097,78.85,WH-BIL
ev-000101,V-027,2026-03-19T23:26:44.194720+00:00Z,41.827717,-4.169247,52.17,WH-BIL
ev-000102,V-010,2026-03-19T23:29:00.194720+00:00Z,40.972977,-3.577645,1.28,WH-VLC
ev-000103,V-010,2026-03-19T23:30:27.194720+00:00Z,41.088641,-4.355811,34.57,WH-BIL
ev-000104,V-015,2026-03-19T23:31:57.194720+00:00Z,39.59094,-4.32118,38.29,WH-MAD
ev-000105,V-010,2026-03-19T23:34:22.194720+00:00Z,41.178881,-3.032735,5.97,WH-BIL
ev-000106,V-034,2026-03-19T23:36:55.194720+00:00Z,41.594291,-3.91966,78.42,WH-BCN
ev-000107,V-046,2026-03-19T23:38:46.194720+00:00Z,40.238282,-3.588858,31.35,WH-SEV
ev-000108,V-027,2026-03-19T23:41:19.194720+00:00Z,41.618076,-3.226744,33.03,WH-BIL
ev-000109,V-012,2026-03-19T23:41:52.194720+00:00Z,40.993473,-3.804034,86.12,WH-BCN
ev-000110,V-029,2026-03-19T23:43:29.194720+00:00Z,41.167121,-3.410459,85.42,WH-BIL
ev-000111,V-014,2026-03-19T23:47:22.194720+00:00Z,38.263781,-3.018793,7.29,WH-BCN
ev-000112,V-041,2026-03-19T23:48:16.194720+00:00Z,41.688559,-3.715554,42.19,WH-VLC
ev-000113,V-006,2026-03-19T23:49:58.194720+00:00Z,38.234449,-4.170553,80.87,WH-BCN
ev-000114,V-042,2026-03-19T23:51:33.194720+00:00Z,38.946429,-4.408249,51.66,WH-MAD
ev-000115,V-032,2026-03-19T23:54:32.194720+00:00Z,40.301471,-4.01362,39.0,WH-BIL
ev-000116,V-017,2026-03-19T23:55:43.194720+00:00Z,39.934494,-2.724972,30.15,WH-SEV
ev-000117,V-018,2026-03-19T23:58:48.194720+00:00Z,40.604696,-3.463482,49.01,WH-SEV
ev-000118,V-011,2026-03-20T00:00:16.194720+00:00Z,41.743712,-3.289558,5.38,WH-SEV
ev-000119,V-044,2026-03-20T00:02:25.194720+00:00Z,39.783657,-2.507993,45.3,WH-VLC
ev-000120,V-022,2026-03-20T00:05:20.194720+00:00Z,39.718976,-4.415005,69.49,WH-BIL
ev-000121,V-040,2026-03-20T00:05:59.194720+00:00Z,38.088314,-3.110409,88.41,WH-MAD
ev-000122,V-008,2026-03-20T00:07:46.194720+00:00Z,39.561329,-3.351876,22.28,WH-VLC
ev-000123,V-047,2026-03-20T00:10:15.194720+00:00Z,41.346883,-2.705261,32.3,WH-SEV
ev-000124,V-015,2026-03-20T00:11:50.194720+00:00Z,38.777453,-3.438745,18.05,WH-BCN
ev-000125,V-009,2026-03-20T00:15:13.194720+00:00Z,39.836815,-2.913532,78.24,WH-VLC
ev-000126,V-037,2026-03-20T00:16:53.194720+00:00Z,39.439859,-2.713811,64.47,WH-MAD
ev-000127,V-026,2026-03-20T00:18:49.194720+00:00Z,39.000918,-3.080858,87.53,WH-MAD
ev-000128,V-040,2026-03-20T00:21:14.194720+00:00Z,41.509545,-3.254465,32.94,WH-BCN
ev-000129,V-023,2026-03-20T00:21:26.194720+00:00Z,39.017256,-3.106485,21.84,WH-BCN
ev-000130,V-031,2026-03-20T00:24:57.194720+00:00Z,40.886447,-4.441722,34.15,WH-BCN
ev-000131,V-017,2026-03-20T00:27:05.194720+00:00Z,41.853621,-3.413618,11.83,WH-SEV
ev-000132,V-020,2026-03-20T00:27:54.194720+00:00Z,41.537035,-2.938003,44.02,WH-BCN
ev-000133,V-048,2026-03-20T00:29:51.194720+00:00Z,38.870755,-3.391018,36.39,WH-VLC
ev-000134,V-037,2026-03-20T00:32:17.194720+00:00Z,41.433018,-4.268485,80.04,WH-BCN
ev-000135,V-024,2026-03-20T00:33:42.194720+00:00Z,39.366463,-4.471393,33.37,WH-BCN
ev-000136,V-023,2026-03-20T00:37:03.194720+00:00Z,41.232726,-3.49379,25.63,WH-SEV
ev-000137,V-021,2026-03-20T00:38:03.194720+00:00Z,38.445276,-2.63801,30.9,WH-MAD
ev-000138,V-009,2026-03-20T00:40:40.194720+00:00Z,39.884637,-2.592543,32.24,WH-VLC
ev-000139,V-032,2026-03-20T00:43:20.194720+00:00Z,39.681689,-3.376896,58.41,WH-BCN
ev-000140,V-031,2026-03-20T00:43:34.194720+00:00Z,38.205197,-2.825932,67.88,WH-BCN
ev-000141,V-022,2026-03-20T00:45:39.194720+00:00Z,38.732506,-3.14985,9.06,WH-VLC
ev-000142,V-048,2026-03-20T00:48:33.194720+00:00Z,39.133114,-3.288808,55.96,WH-BCN
ev-000143,V-041,2026-03-20T00:51:22.194720+00:00Z,39.007589,-4.3551,67.04,WH-SEV
ev-000144,V-038,2026-03-20T00:53:07.194720+00:00Z,39.045322,-3.507848,25.09,WH-BIL
ev-000145,V-022,2026-03-20T00:54:55.194720+00:00Z,40.304856,-3.056647,83.45,WH-SEV
ev-000146,V-044,2026-03-20T00:56:57.194720+00:00Z,41.900724,-2.857677,54.79,WH-SEV
ev-000147,V-043,2026-03-20T00:57:36.194720+00:00Z,38.200329,-2.910738,44.82,WH-SEV
ev-000148,V-025,2026-03-20T01:00:09.194720+00:00Z,40.878866,-2.837993,77.59,WH-BIL
ev-000149,V-029,2026-03-20T01:01:56.194720+00:00Z,41.079414,-3.657151,2.89,WH-BCN
ev-000150,V-040,2026-03-20T01:04:36.194720+00:00Z,38.0367,-4.221759,42.34,WH-MAD
ev-000151,V-040,2026-03-20T01:06:00.194720+00:00Z,39.609082,-2.718805,72.82,WH-BIL
ev-000152,V-032,2026-03-20T01:07:31.194720+00:00Z,40.740496,-2.707806,73.4,WH-VLC
ev-000153,V-021,2026-03-20T01:09:36.194720+00:00Z,40.820483,-3.818308,29.18,WH-BCN
ev-000154,V-018,2026-03-20T01:11:43.194720+00:00Z,38.237875,-2.965563,55.46,WH-SEV
ev-000155,V-027,2026-03-20T01:13:52.194720+00:00Z,38.656197,-2.811192,52.91,WH-MAD
ev-000156,V-044,2026-03-20T01:16:09.194720+00:00Z,40.000587,-4.015796,0.94,WH-BCN
ev-000157,V-046,2026-03-20T01:19:04.194720+00:00Z,38.349218,-3.896909,72.58,WH-VLC
ev-000158,V-014,2026-03-20T01:19:27.194720+00:00Z,41.029218,-4.248984,0.53,WH-BIL
ev-000159,V-023,2026-03-20T01:21:48.194720+00:00Z,41.057974,-3.084813,8.5,WH-MAD
ev-000160,V-011,2026-03-20T01:24:17.194720+00:00Z,38.559178,-4.204424,4.18,WH-BCN
ev-000161,V-019,2026-03-20T01:26:17.194720+00:00Z,38.054389,-4.188041,56.03,WH-VLC
ev-000162,V-017,2026-03-20T01:28:41.194720+00:00Z,40.034584,-3.727491,76.51,WH-MAD
ev-000163,V-047,2026-03-20T01:29:27.194720+00:00Z,41.356656,-3.856941,49.59,WH-MAD
ev-000164,V-012,2026-03-20T01:32:55.194720+00:00Z,40.659957,-3.611613,43.87,WH-VLC
ev-000165,V-025,2026-03-20T01:35:19.194720+00:00Z,41.730464,-3.487803,59.82,WH-SEV
ev-000166,V-025,2026-03-20T01:37:06.194720+00:00Z,39.328002,-3.365387,8.94,WH-BIL
ev-000167,V-019,2026-03-20T01:37:41.194720+00:00Z,40.708874,-3.592192,39.0,WH-BIL
ev-000168,V-008,2026-03-20T01:41:19.194720+00:00Z,41.148839,-4.129119,33.56,WH-SEV
ev-000169,V-016,2026-03-20T01:43:01.194720+00:00Z,38.274775,-3.567098,58.53,WH-BIL
ev-000170,V-001,2026-03-20T01:43:32.194720+00:00Z,41.299647,-3.300572,84.36,WH-MAD
ev-000171,V-050,2026-03-20T01:45:32.194720+00:00Z,39.444415,-3.040157,40.88,WH-MAD
ev-000172,V-006,2026-03-20T01:48:28.194720+00:00Z,40.067143,-3.606864,68.65,WH-VLC
ev-000173,V-033,2026-03-20T01:51:05.194720+00:00Z,38.395467,-3.979047,10.92,WH-VLC
ev-000174,V-021,2026-03-20T01:51:34.194720+00:00Z,40.228658,-2.803417,78.58,WH-BIL
ev-000175,V-035,2026-03-20T01:54:47.194720+00:00Z,41.094516,-3.387674,77.45,WH-SEV
ev-000176,V-011,2026-03-20T01:57:01.194720+00:00Z,38.48542,-3.045217,3.48,WH-MAD
ev-000177,V-002,2026-03-20T01:58:36.194720+00:00Z,38.074683,-4.496444,25.09,WH-SEV
ev-000178,V-040,2026-03-20T02:01:14.194720+00:00Z,39.025176,-4.188657,77.62,WH-BCN
ev-000179,V-011,2026-03-20T02:02:04.194720+00:00Z,39.398886,-3.766362,57.42,WH-SEV
ev-000180,V-023,2026-03-20T02:05:01.194720+00:00Z,38.604937,-2.571818,55.71,WH-MAD
ev-000181,V-046,2026-03-20T02:07:10.194720+00:00Z,38.3882,-2.831035,36.71,WH-MAD
ev-000182,V-049,2026-03-20T02:07:45.194720+00:00Z,40.528823,-4.266862,39.15,WH-BCN
ev-000183,V-020,2026-03-20T02:10:24.194720+00:00Z,41.423635,-3.95142,33.0,WH-BCN
ev-000184,V-048,2026-03-20T02:12:18.194720+00:00Z,39.452905,-2.697048,82.85,WH-BCN
ev-000185,V-001,2026-03-20T02:14:32.194720+00:00Z,39.134074,-2.660256,58.58,WH-MAD
ev-000186,V-028,2026-03-20T02:17:00.194720+00:00Z,41.453975,-3.449682,51.74,WH-BCN
ev-000187,V-044,2026-03-20T02:19:23.194720+00:00Z,41.018733,-4.34254,28.11,WH-BCN
ev-000188,V-018,2026-03-20T02:20:05.194720+00:00Z,39.027549,-2.637043,67.29,WH-SEV
ev-000189,V-049,2026-03-20T02:22:51.194720+00:00Z,38.526611,-4.269882,33.99,WH-SEV
ev-000190,V-045,2026-03-20T02:24:25.194720+00:00Z,39.046246,-2.710401,45.12,WH-SEV
ev-000191,V-030,2026-03-20T02:25:59.194720+00:00Z,41.761928,-2.791081,65.93,WH-VLC
ev-000192,V-014,2026-03-20T02:27:45.194720+00:00Z,40.175582,-3.684665,79.47,WH-BCN
ev-000193,V-009,2026-03-20T02:31:21.194720+00:00Z,38.40106,-4.141424,14.82,WH-BIL
ev-000194,V-047,2026-03-20T02:31:42.194720+00:00Z,38.31936,-4.017473,78.37,WH-BIL
ev-000195,V-033,2026-03-20T02:35:05.194720+00:00Z,41.957724,-4.177922,3.04,WH-BIL
ev-000196,V-019,2026-03-20T02:36:15.194720+00:00Z,40.366486,-3.841941,47.22,WH-BCN
ev-000197,V-050,2026-03-20T02:37:27.194720+00:00Z,41.540612,-2.504442,84.73,WH-SEV
ev-000198,V-046,2026-03-20T02:40:12.194720+00:00Z,41.685815,-3.642134,33.59,WH-BIL
ev-000199,V-046,2026-03-20T02:41:28.194720+00:00Z,41.412787,-3.468005,54.79,WH-SEV
ev-000200,V-045,2026-03-20T02:44:34.194720+00:00Z,39.851763,-4.238401,71.54,WH-MAD
ev-000201,V-014,2026-03-20T02:45:31.194720+00:00Z,40.707294,-4.197545,11.6,WH-BCN
ev-000202,V-032,2026-03-20T02:49:00.194720+00:00Z,39.399049,-3.574331,31.91,WH-BCN
ev-000203,V-009,2026-03-20T02:49:32.194720+00:00Z,40.327748,-3.562819,38.24,WH-BCN
ev-000204,V-014,2026-03-20T02:51:48.194720+00:00Z,38.856777,-4.200622,24.88,WH-BCN
ev-000205,V-009,2026-03-20T02:55:09.194720+00:00Z,41.451119,-2.928674,55.8,WH-VLC
ev-000206,V-011,2026-03-20T02:56:57.194720+00:00Z,39.397468,-3.281994,15.48,WH-MAD
ev-000207,V-034,2026-03-20T02:57:45.194720+00:00Z,39.603431,-2.678142,52.37,WH-MAD
ev-000208,V-008,2026-03-20T03:00:31.194720+00:00Z,40.319031,-3.871153,3.76,WH-MAD
ev-000209,V-026,2026-03-20T03:02:08.194720+00:00Z,40.588196,-4.372862,61.12,WH-VLC
ev-000210,V-004,2026-03-20T03:05:13.194720+00:00Z,41.970522,-3.000019,7.1,WH-SEV
ev-000211,V-016,2026-03-20T03:06:39.194720+00:00Z,40.748733,-4.156729,14.12,WH-MAD
ev-000212,V-007,2026-03-20T03:09:26.194720+00:00Z,38.892719,-2.714444,64.77,WH-MAD
ev-000213,V-032,2026-03-20T03:10:51.194720+00:00Z,41.105242,-4.10685,4.42,WH-SEV
ev-000214,V-023,2026-03-20T03:11:34.194720+00:00Z,38.492163,-3.184603,89.66,WH-BCN
ev-000215,V-022,2026-03-20T03:14:38.194720+00:00Z,40.989477,-2.965107,81.1,WH-VLC
ev-000216,V-018,2026-03-20T03:15:38.194720+00:00Z,38.664883,-3.142807,56.45,WH-BIL
ev-000217,V-021,2026-03-20T03:18:40.194720+00:00Z,41.438143,-3.836387,44.33,WH-BCN
ev-000218,V-050,2026-03-20T03:19:41.194720+00:00Z,40.21679,-3.31909,72.13,WH-BCN
ev-000219,V-031,2026-03-20T03:21:53.194720+00:00Z,38.332962,-3.168276,60.88,WH-BIL
ev-000220,V-019,2026-03-20T03:24:57.194720+00:00Z,40.821847,-3.544219,35.75,WH-VLC
ev-000221,V-045,2026-03-20T03:26:10.194720+00:00Z,41.564465,-3.481355,74.13,WH-VLC
ev-000222,V-043,2026-03-20T03:28:15.194720+00:00Z,41.512425,-4.46249,9.15,WH-SEV
ev-000223,V-007,2026-03-20T03:30:00.194720+00:00Z,39.824004,-4.466824,80.37,WH-VLC
ev-000224,V-020,2026-03-20T03:31:44.194720+00:00Z,39.924293,-3.815968,27.48,WH-VLC
ev-000225,V-047,2026-03-20T03:34:32.194720+00:00Z,40.291935,-3.705666,80.61,WH-BIL
ev-000226,V-050,2026-03-20T03:37:23.194720+00:00Z,38.458248,-3.225686,62.46,WH-BCN
ev-000227,V-031,2026-03-20T03:38:25.194720+00:00Z,41.842786,-3.888693,23.7,WH-SEV
ev-000228,V-047,2026-03-20T03:41:05.194720+00:00Z,39.605831,-2.518662,1.33,WH-MAD
ev-000229,V-035,2026-03-20T03:41:40.194720+00:00Z,40.732175,-3.219776,20.37,WH-BCN
ev-000230,V-005,2026-03-20T03:44:47.194720+00:00Z,40.558043,-2.527624,88.79,WH-BIL
ev-000231,V-029,2026-03-20T03:47:10.194720+00:00Z,39.537254,-3.774807,56.75,WH-MAD
ev-000232,V-050,2026-03-20T03:48:20.194720+00:00Z,40.174168,-4.3821,20.57,WH-VLC
ev-000233,V-038,2026-03-20T03:50:53.194720+00:00Z,41.502681,-2.885189,78.84,WH-MAD
ev-000234,V-010,2026-03-20T03:52:45.194720+00:00Z,40.439892,-2.884318,55.38,WH-VLC
ev-000235,V-019,2026-03-20T03:55:08.194720+00:00Z,38.941132,-3.327621,22.48,WH-BIL
ev-000236,V-047,2026-03-20T03:57:00.194720+00:00Z,39.774239,-3.127608,12.66,WH-BIL
ev-000237,V-026,2026-03-20T03:57:32.194720+00:00Z,38.791134,-3.048544,89.95,WH-MAD
ev-000238,V-012,2026-03-20T04:00:01.194720+00:00Z,38.025077,-2.854684,48.87,WH-BCN
ev-000239,V-002,2026-03-20T04:03:10.194720+00:00Z,39.179263,-2.569342,65.78,WH-BCN
ev-000240,V-046,2026-03-20T04:04:11.194720+00:00Z,40.183901,-3.514361,69.71,WH-BIL
ev-000241,V-009,2026-03-20T04:07:11.194720+00:00Z,41.005835,-3.330083,30.0,WH-SEV
ev-000242,V-029,2026-03-20T04:07:37.194720+00:00Z,41.991521,-4.391542,54.53,WH-VLC
ev-000243,V-022,2026-03-20T04:11:03.194720+00:00Z,41.36364,-2.898846,4.89,WH-MAD
ev-000244,V-030,2026-03-20T04:12:36.194720+00:00Z,38.147601,-2.529485,37.95,WH-VLC
ev-000245,V-025,2026-03-20T04:14:54.194720+00:00Z,41.254216,-2.678376,15.88,WH-SEV
ev-000246,V-024,2026-03-20T04:16:15.194720+00:00Z,39.331136,-3.956128,89.05,WH-VLC
ev-000247,V-043,2026-03-20T04:17:59.194720+00:00Z,40.295732,-3.494856,26.42,WH-VLC
ev-000248,V-009,2026-03-20T04:20:26.194720+00:00Z,38.0916,-3.211437,15.37,WH-VLC
ev-000249,V-048,2026-03-20T04:23:23.194720+00:00Z,39.377725,-2.964931,27.11,WH-MAD
ev-000250,V-003,2026-03-20T04:24:14.194720+00:00Z,39.463413,-3.673641,17.77,WH-BCN
ev-000251,V-043,2026-03-20T04:27:05.194720+00:00Z,40.197886,-3.217841,23.8,WH-VLC
ev-000252,V-047,2026-03-20T04:28:47.194720+00:00Z,40.879413,-3.069994,27.09,WH-SEV
ev-000253,V-008,2026-03-20T04:29:42.194720+00:00Z,39.032582,-2.845167,2.55,WH-BCN
ev-000254,V-037,2026-03-20T04:33:10.194720+00:00Z,39.146639,-2.6596,16.01,WH-MAD
ev-000255,V-030,2026-03-20T04:33:45.194720+00:00Z,41.399017,-4.177768,60.24,WH-VLC
ev-000256,V-048,2026-03-20T04:37:19.194720+00:00Z,41.395312,-3.656227,11.34,WH-SEV
ev-000257,V-042,2026-03-20T04:38:23.194720+00:00Z,38.831948,-3.086425,55.4,WH-VLC
ev-000258,V-037,2026-03-20T04:40:56.194720+00:00Z,41.377788,-2.6616,22.71,WH-VLC
ev-000259,V-037,2026-03-20T04:42:11.194720+00:00Z,40.291163,-4.445732,11.14,WH-VLC
ev-000260,V-028,2026-03-20T04:44:09.194720+00:00Z,40.873555,-3.27288,9.69,WH-VLC
ev-000261,V-035,2026-03-20T04:45:50.194720+00:00Z,40.162055,-3.33771,19.65,WH-BCN
ev-000262,V-049,2026-03-20T04:47:42.194720+00:00Z,40.83278,-2.530581,82.26,WH-MAD
ev-000263,V-022,2026-03-20T04:50:00.194720+00:00Z,40.352457,-3.421546,43.85,WH-BCN
ev-000264,V-034,2026-03-20T04:51:37.194720+00:00Z,41.687386,-3.752825,34.37,WH-MAD
ev-000265,V-017,2026-03-20T04:54:23.194720+00:00Z,41.524238,-2.553011,52.46,WH-MAD
ev-000266,V-002,2026-03-20T04:56:12.194720+00:00Z,38.018327,-3.303517,15.87,WH-SEV
ev-000267,V-031,2026-03-20T04:58:40.194720+00:00Z,40.403571,-3.499003,75.06,WH-SEV
ev-000268,V-003,2026-03-20T05:01:26.194720+00:00Z,39.68183,-3.462564,27.01,WH-VLC
ev-000269,V-034,2026-03-20T05:03:19.194720+00:00Z,41.87664,-3.674274,57.54,WH-BCN
ev-000270,V-024,2026-03-20T05:04:45.194720+00:00Z,41.710819,-4.092578,80.3,WH-SEV
ev-000271,V-044,2026-03-20T05:07:15.194720+00:00Z,41.62805,-2.723434,34.56,WH-BIL
ev-000272,V-043,2026-03-20T05:08:42.194720+00:00Z,40.95231,-2.696948,8.75,WH-SEV
ev-000273,V-009,2026-03-20T05:09:50.194720+00:00Z,38.472972,-2.723509,16.58,WH-VLC
ev-000274,V-045,2026-03-20T05:11:56.194720+00:00Z,38.511196,-4.460308,21.0,WH-BCN
ev-000275,V-045,2026-03-20T05:14:02.194720+00:00Z,41.17988,-3.599906,14.56,WH-BCN
ev-000276,V-022,2026-03-20T05:16:08.194720+00:00Z,38.867422,-3.124039,31.16,WH-BCN
ev-000277,V-046,2026-03-20T05:17:39.194720+00:00Z,41.088064,-2.870032,38.82,WH-MAD
ev-000278,V-015,2026-03-20T05:20:43.194720+00:00Z,41.550355,-3.751897,57.77,WH-MAD
ev-000279,V-042,2026-03-20T05:22:46.194720+00:00Z,39.426014,-3.57745,75.74,WH-BCN
ev-000280,V-032,2026-03-20T05:24:25.194720+00:00Z,40.999988,-3.557699,17.96,WH-BIL
ev-000281,V-005,2026-03-20T05:27:04.194720+00:00Z,40.418698,-4.387184,22.17,WH-SEV
ev-000282,V-019,2026-03-20T05:29:16.194720+00:00Z,41.549172,-2.619064,30.61,WH-BCN
ev-000283,V-043,2026-03-20T05:31:10.194720+00:00Z,39.502996,-3.801576,51.61,WH-MAD
ev-000284,V-035,2026-03-20T05:31:54.194720+00:00Z,38.553786,-2.988569,70.43,WH-BIL
ev-000285,V-008,2026-03-20T05:34:17.194720+00:00Z,38.70254,-4.09483,40.18,WH-VLC
ev-000286,V-049,2026-03-20T05:35:55.194720+00:00Z,41.193091,-3.557242,13.88,WH-BIL
ev-000287,V-029,2026-03-20T05:38:35.194720+00:00Z,41.945226,-4.413095,86.52,WH-SEV
ev-000288,V-047,2026-03-20T05:40:34.194720+00:00Z,38.906075,-3.42775,3.52,WH-SEV
ev-000289,V-036,2026-03-20T05:42:09.194720+00:00Z,41.337648,-4.425422,46.97,WH-MAD
ev-000290,V-017,2026-03-20T05:43:39.194720+00:00Z,40.69408,-3.444244,41.92,WH-MAD
ev-000291,V-040,2026-03-20T05:45:27.194720+00:00Z,38.397779,-2.687657,12.45,WH-SEV
ev-000292,V-037,2026-03-20T05:48:36.194720+00:00Z,38.145886,-2.605081,41.48,WH-SEV
ev-000293,V-015,2026-03-20T05:49:47.194720+00:00Z,40.01964,-3.783879,11.97,WH-SEV
ev-000294,V-001,2026-03-20T05:51:35.194720+00:00Z,40.157949,-2.990436,46.76,WH-SEV
ev-000295,V-004,2026-03-20T05:54:51.194720+00:00Z,39.932835,-3.224219,81.86,WH-VLC
ev-000296,V-044,2026-03-20T05:55:54.194720+00:00Z,40.134186,-3.856039,43.75,WH-MAD
ev-000297,V-004,2026-03-20T05:58:52.194720+00:00Z,41.460344,-4.083454,10.04,WH-BCN
ev-000298,V-035,2026-03-20T06:00:41.194720+00:00Z,39.365779,-4.289833,20.83,WH-SEV
ev-000299,V-006,2026-03-20T06:03:00.194720+00:00Z,41.262648,-4.343757,85.31,WH-BIL
ev-000300,V-043,2026-03-20T06:05:03.194720+00:00Z,39.622645,-3.476509,77.48,WH-BIL
ev-000301,V-017,2026-03-20T06:07:19.194720+00:00Z,39.534154,-3.240307,13.13,WH-MAD
ev-000302,V-027,2026-03-20T06:09:18.194720+00:00Z,38.980074,-4.223796,71.26,WH-BIL
ev-000303,V-016,2026-03-20T06:10:24.194720+00:00Z,40.239533,-3.053421,0.03,WH-SEV
ev-000304,V-043,2026-03-20T06:11:52.194720+00:00Z,38.286498,-3.323042,74.18,WH-BIL
ev-000305,V-025,2026-03-20T06:13:50.194720+00:00Z,38.180157,-4.311653,46.81,WH-BIL
ev-000306,V-045,2026-03-20T06:16:02.194720+00:00Z,40.885996,-2.739995,12.55,WH-SEV
ev-000307,V-007,2026-03-20T06:17:52.194720+00:00Z,40.804314,-2.61748,58.17,WH-MAD
ev-000308,V-012,2026-03-20T06:20:24.194720+00:00Z,40.673028,-3.387263,33.06,WH-BIL
ev-000309,V-008,2026-03-20T06:21:59.194720+00:00Z,38.186164,-3.637738,27.54,WH-BIL
ev-000310,V-049,2026-03-20T06:25:13.194720+00:00Z,39.331579,-3.972895,70.86,WH-BCN
ev-000311,V-038,2026-03-20T06:25:31.194720+00:00Z,41.301685,-2.809975,53.77,WH-BCN
ev-000312,V-025,2026-03-20T06:28:10.194720+00:00Z,40.661906,-3.061575,40.33,WH-MAD
ev-000313,V-005,2026-03-20T06:29:39.194720+00:00Z,40.796928,-4.156842,73.8,WH-BIL
ev-000314,V-013,2026-03-20T06:31:54.194720+00:00Z,40.394622,-4.467195,55.11,WH-MAD
ev-000315,V-038,2026-03-20T06:34:54.194720+00:00Z,39.066555,-2.682932,88.81,WH-VLC
ev-000316,V-039,2026-03-20T06:36:40.194720+00:00Z,38.994113,-4.434113,82.01,WH-VLC
ev-000317,V-033,2026-03-20T06:37:45.194720+00:00Z,38.562597,-4.41169,41.17,WH-VLC
ev-000318,V-040,2026-03-20T06:39:53.194720+00:00Z,41.629728,-4.144896,46.53,WH-BIL
ev-000319,V-029,2026-03-20T06:42:15.194720+00:00Z,39.184689,-2.786272,24.14,WH-SEV
ev-000320,V-040,2026-03-20T06:43:49.194720+00:00Z,41.759838,-3.447642,62.82,WH-BIL
ev-000321,V-022,2026-03-20T06:46:42.194720+00:00Z,38.686926,-4.322656,25.29,WH-BIL
ev-000322,V-050,2026-03-20T06:47:41.194720+00:00Z,40.963251,-3.176309,33.76,WH-SEV
ev-000323,V-007,2026-03-20T06:51:08.194720+00:00Z,40.915041,-3.048636,62.59,WH-MAD
ev-000324,V-025,2026-03-20T06:51:26.194720+00:00Z,39.301958,-3.44514,43.54,WH-BCN
ev-000325,V-007,2026-03-20T06:55:11.194720+00:00Z,39.719033,-3.815473,52.51,WH-BCN
ev-000326,V-010,2026-03-20T06:55:36.194720+00:00Z,41.754459,-2.993304,61.5,WH-SEV
ev-000327,V-034,2026-03-20T06:59:09.194720+00:00Z,38.31278,-3.853325,8.75,WH-VLC
ev-000328,V-015,2026-03-20T07:01:13.194720+00:00Z,41.513748,-3.986921,66.14,WH-BCN
ev-000329,V-049,2026-03-20T07:03:20.194720+00:00Z,41.594849,-3.933536,49.49,WH-MAD
ev-000330,V-024,2026-03-20T07:03:49.194720+00:00Z,38.361434,-3.68793,65.29,WH-MAD
ev-000331,V-035,2026-03-20T07:07:06.194720+00:00Z,38.765259,-2.867881,82.34,WH-SEV
ev-000332,V-010,2026-03-20T07:08:16.194720+00:00Z,40.689203,-3.606587,31.81,WH-VLC
ev-000333,V-031,2026-03-20T07:10:51.194720+00:00Z,40.738942,-2.802007,25.77,WH-BIL
ev-000334,V-032,2026-03-20T07:12:03.194720+00:00Z,39.805513,-3.316417,62.78,WH-BIL
ev-000335,V-046,2026-03-20T07:14:58.194720+00:00Z,39.701024,-3.790152,15.87,WH-MAD
ev-000336,V-036,2026-03-20T07:17:05.194720+00:00Z,39.324563,-3.827352,87.42,WH-VLC
ev-000337,V-043,2026-03-20T07:18:19.194720+00:00Z,38.511163,-3.077374,15.3,WH-BIL
ev-000338,V-020,2026-03-20T07:19:26.194720+00:00Z,41.35375,-3.646887,52.53,WH-SEV
ev-000339,V-036,2026-03-20T07:22:37.194720+00:00Z,41.260374,-3.848449,87.28,WH-BIL
ev-000340,V-044,2026-03-20T07:25:08.194720+00:00Z,39.63077,-2.516292,23.34,WH-VLC
ev-000341,V-038,2026-03-20T07:26:13.194720+00:00Z,41.974849,-3.812262,40.76,WH-SEV
ev-000342,V-006,2026-03-20T07:29:04.194720+00:00Z,38.399508,-2.988809,60.55,WH-BIL
ev-000343,V-040,2026-03-20T07:31:09.194720+00:00Z,41.057613,-4.409011,33.83,WH-MAD
ev-000344,V-026,2026-03-20T07:33:02.194720+00:00Z,41.457285,-4.340791,75.28,WH-BIL
ev-000345,V-017,2026-03-20T07:33:27.194720+00:00Z,40.18695,-3.823626,47.06,WH-SEV
ev-000346,V-002,2026-03-20T07:36:32.194720+00:00Z,39.714294,-3.317056,48.55,WH-VLC
ev-000347,V-024,2026-03-20T07:38:03.194720+00:00Z,41.203126,-3.55693,17.72,WH-VLC
ev-000348,V-028,2026-03-20T07:39:43.194720+00:00Z,38.066975,-4.363728,20.26,WH-VLC
ev-000349,V-018,2026-03-20T07:42:54.194720+00:00Z,38.446384,-4.205009,15.23,WH-BIL
ev-000350,V-033,2026-03-20T07:44:53.194720+00:00Z,40.891567,-2.834917,17.23,WH-SEV
ev-000351,V-029,2026-03-20T07:46:30.194720+00:00Z,40.421242,-3.398197,25.45,WH-SEV
ev-000352,V-046,2026-03-20T07:47:31.194720+00:00Z,38.326389,-4.19465,7.1,WH-VLC
ev-000353,V-046,2026-03-20T07:51:02.194720+00:00Z,40.710869,-3.008768,80.95,WH-VLC
ev-000354,V-001,2026-03-20T07:53:13.194720+00:00Z,41.394069,-2.542814,15.93,WH-BCN
ev-000355,V-031,2026-03-20T07:54:16.194720+00:00Z,40.8591,-2.780384,63.83,WH-VLC
ev-000356,V-036,2026-03-20T07:55:54.194720+00:00Z,39.834238,-3.561593,33.79,WH-SEV
ev-000357,V-047,2026-03-20T07:58:10.194720+00:00Z,41.130548,-2.579962,25.29,WH-SEV
ev-000358,V-027,2026-03-20T08:00:43.194720+00:00Z,38.409468,-3.987824,4.73,WH-BIL
ev-000359,V-037,2026-03-20T08:02:23.194720+00:00Z,41.923291,-2.879871,80.13,WH-BIL
ev-000360,V-044,2026-03-20T08:04:12.194720+00:00Z,40.089175,-3.142356,23.03,WH-BCN
ev-000361,V-048,2026-03-20T08:06:00.194720+00:00Z,41.43241,-3.992083,82.74,WH-MAD
ev-000362,V-036,2026-03-20T08:08:15.194720+00:00Z,40.093257,-3.660294,12.6,WH-MAD
ev-000363,V-015,2026-03-20T08:09:58.194720+00:00Z,38.166588,-3.055642,73.78,WH-BCN
ev-000364,V-050,2026-03-20T08:12:05.194720+00:00Z,40.878577,-3.830254,4.79,WH-BCN
ev-000365,V-045,2026-03-20T08:14:43.194720+00:00Z,40.87377,-4.292314,21.8,WH-SEV
ev-000366,V-003,2026-03-20T08:16:41.194720+00:00Z,41.305922,-3.847236,67.33,WH-BCN
ev-000367,V-038,2026-03-20T08:18:10.194720+00:00Z,41.740376,-2.838253,73.06,WH-SEV
ev-000368,V-043,2026-03-20T08:19:59.194720+00:00Z,41.367925,-2.728008,17.97,WH-MAD
ev-000369,V-018,2026-03-20T08:21:57.194720+00:00Z,40.858348,-3.310869,64.36,WH-MAD
ev-000370,V-026,2026-03-20T08:24:04.194720+00:00Z,39.895333,-3.643837,1.45,WH-BIL
ev-000371,V-045,2026-03-20T08:27:18.194720+00:00Z,40.507098,-2.628581,44.09,WH-VLC
ev-000372,V-004,2026-03-20T08:28:14.194720+00:00Z,39.769081,-4.217349,68.69,WH-VLC
ev-000373,V-042,2026-03-20T08:30:19.194720+00:00Z,39.590208,-3.24212,54.03,WH-BIL
ev-000374,V-033,2026-03-20T08:32:01.194720+00:00Z,40.54857,-2.585394,14.14,WH-MAD
ev-000375,V-019,2026-03-20T08:33:56.194720+00:00Z,40.096426,-3.308841,50.8,WH-BIL
ev-000376,V-045,2026-03-20T08:37:23.194720+00:00Z,39.524374,-3.717641,23.27,WH-VLC
ev-000377,V-003,2026-03-20T08:37:42.194720+00:00Z,41.40336,-3.45984,83.25,WH-SEV
ev-000378,V-034,2026-03-20T08:40:03.194720+00:00Z,38.934902,-4.140914,13.15,WH-VLC
ev-000379,V-008,2026-03-20T08:42:35.194720+00:00Z,41.818454,-3.368287,62.78,WH-SEV
ev-000380,V-032,2026-03-20T08:43:34.194720+00:00Z,39.055819,-4.050816,10.34,WH-SEV
ev-000381,V-004,2026-03-20T08:46:24.194720+00:00Z,39.788046,-3.773395,45.76,WH-VLC
ev-000382,V-007,2026-03-20T08:48:49.194720+00:00Z,41.597307,-3.424048,74.0,WH-BCN
ev-000383,V-001,2026-03-20T08:51:26.194720+00:00Z,41.81251,-2.504449,47.29,WH-BCN
ev-000384,V-006,2026-03-20T08:52:29.194720+00:00Z,41.505919,-2.796066,3.97,WH-BIL
ev-000385,V-028,2026-03-20T08:54:35.194720+00:00Z,41.594264,-4.173972,45.26,WH-BIL
ev-000386,V-021,2026-03-20T08:57:11.194720+00:00Z,38.272044,-3.149928,40.01,WH-SEV
ev-000387,V-039,2026-03-20T08:57:35.194720+00:00Z,39.454184,-3.85662,15.11,WH-SEV
ev-000388,V-050,2026-03-20T09:00:43.194720+00:00Z,41.832175,-3.605401,19.56,WH-VLC
ev-000389,V-039,2026-03-20T09:03:18.194720+00:00Z,39.754222,-2.880405,78.13,WH-SEV
ev-000390,V-009,2026-03-20T09:04:35.194720+00:00Z,39.35611,-2.602876,23.55,WH-VLC
ev-000391,V-015,2026-03-20T09:06:29.194720+00:00Z,41.721306,-3.708642,49.45,WH-BCN
ev-000392,V-011,2026-03-20T09:07:50.194720+00:00Z,40.771799,-3.961962,78.59,WH-MAD
ev-000393,V-010,2026-03-20T09:10:55.194720+00:00Z,38.869427,-3.999098,51.57,WH-MAD
ev-000394,V-007,2026-03-20T09:12:27.194720+00:00Z,40.897514,-4.373599,60.6,WH-VLC
ev-000395,V-026,2026-03-20T09:14:55.194720+00:00Z,39.195779,-4.30177,29.63,WH-BIL
ev-000396,V-023,2026-03-20T09:16:48.194720+00:00Z,41.840042,-2.931359,20.05,WH-SEV
ev-000397,V-001,2026-03-20T09:18:20.194720+00:00Z,38.688312,-2.604612,38.64,WH-MAD
ev-000398,V-050,2026-03-20T09:20:34.194720+00:00Z,41.218736,-3.791824,9.82,WH-BIL
ev-000399,V-021,2026-03-20T09:21:43.194720+00:00Z,39.758162,-3.714121,9.51,WH-VLC
ev-000400,V-037,2026-03-20T09:24:32.194720+00:00Z,39.990212,-3.123592,56.05,WH-VLC
ev-000401,V-008,2026-03-20T09:27:02.194720+00:00Z,38.174665,-3.761584,68.76,WH-VLC
ev-000402,V-047,2026-03-20T09:28:28.194720+00:00Z,41.750852,-3.410048,21.54,WH-MAD
ev-000403,V-014,2026-03-20T09:31:03.194720+00:00Z,39.899361,-3.407264,89.08,WH-BIL
ev-000404,V-035,2026-03-20T09:33:09.194720+00:00Z,41.493686,-3.201161,11.55,WH-MAD
ev-000405,V-003,2026-03-20T09:33:31.194720+00:00Z,41.870221,-2.687948,15.47,WH-SEV
ev-000406,V-042,2026-03-20T09:36:14.194720+00:00Z,38.711428,-3.560583,53.88,WH-BCN
ev-000407,V-042,2026-03-20T09:38:10.194720+00:00Z,41.808887,-3.128024,10.6,WH-SEV
ev-000408,V-049,2026-03-20T09:40:09.194720+00:00Z,38.084069,-2.89705,46.41,WH-MAD
ev-000409,V-039,2026-03-20T09:43:16.194720+00:00Z,40.161693,-3.304363,48.82,WH-BCN
ev-000410,V-013,2026-03-20T09:43:57.194720+00:00Z,38.032124,-2.52715,30.0,WH-MAD
ev-000411,V-040,2026-03-20T09:47:17.194720+00:00Z,40.58634,-3.543629,19.33,WH-BCN
ev-000412,V-036,2026-03-20T09:47:45.194720+00:00Z,39.617391,-3.132867,51.69,WH-VLC
ev-000413,V-005,2026-03-20T09:51:05.194720+00:00Z,38.292703,-3.499303,82.2,WH-BIL
ev-000414,V-016,2026-03-20T09:51:43.194720+00:00Z,39.1428,-3.040623,20.95,WH-BIL
ev-000415,V-011,2026-03-20T09:54:58.194720+00:00Z,39.202889,-3.451164,49.04,WH-BIL
ev-000416,V-007,2026-03-20T09:56:55.194720+00:00Z,38.74118,-3.998066,87.36,WH-MAD
ev-000417,V-028,2026-03-20T09:58:11.194720+00:00Z,39.18573,-2.998861,35.64,WH-BCN
ev-000418,V-028,2026-03-20T10:00:50.194720+00:00Z,40.56981,-4.001831,88.41,WH-BIL
ev-000419,V-013,2026-03-20T10:03:00.194720+00:00Z,39.669148,-3.450331,1.19,WH-SEV
ev-000420,V-040,2026-03-20T10:04:34.194720+00:00Z,38.88382,-2.879907,57.77,WH-SEV
ev-000421,V-044,2026-03-20T10:07:11.194720+00:00Z,41.109448,-3.791089,71.07,WH-BCN
ev-000422,V-018,2026-03-20T10:08:56.194720+00:00Z,38.593437,-2.874113,79.31,WH-BCN
ev-000423,V-008,2026-03-20T10:10:13.194720+00:00Z,41.271602,-3.245434,28.51,WH-BIL
ev-000424,V-012,2026-03-20T10:11:26.194720+00:00Z,41.621891,-4.192436,58.55,WH-BCN
ev-000425,V-033,2026-03-20T10:15:08.194720+00:00Z,41.56,-3.444489,23.08,WH-SEV
ev-000426,V-011,2026-03-20T10:16:14.194720+00:00Z,39.626038,-4.497222,34.37,WH-VLC
ev-000427,V-040,2026-03-20T10:18:26.194720+00:00Z,41.284163,-3.847735,28.63,WH-BCN
ev-000428,V-008,2026-03-20T10:20:35.194720+00:00Z,41.061653,-2.601252,48.27,WH-BCN
ev-000429,V-029,2026-03-20T10:21:58.194720+00:00Z,41.779089,-4.054633,7.47,WH-BIL
ev-000430,V-014,2026-03-20T10:24:36.194720+00:00Z,40.342567,-3.907622,22.19,WH-MAD
ev-000431,V-010,2026-03-20T10:25:29.194720+00:00Z,40.102284,-4.266267,19.22,WH-VLC
ev-000432,V-016,2026-03-20T10:27:34.194720+00:00Z,41.190098,-3.778498,48.46,WH-BIL
ev-000433,V-046,2026-03-20T10:30:58.194720+00:00Z,40.40132,-2.626479,20.82,WH-BCN
ev-000434,V-033,2026-03-20T10:32:26.194720+00:00Z,41.48139,-3.53826,63.33,WH-VLC
ev-000435,V-012,2026-03-20T10:34:52.194720+00:00Z,39.237111,-4.307852,1.43,WH-BCN
ev-000436,V-042,2026-03-20T10:35:42.194720+00:00Z,38.8189,-3.465931,85.74,WH-MAD
ev-000437,V-023,2026-03-20T10:39:16.194720+00:00Z,41.715493,-2.660678,69.2,WH-SEV
ev-000438,V-022,2026-03-20T10:41:13.194720+00:00Z,41.782253,-4.271673,74.9,WH-SEV
ev-000439,V-011,2026-03-20T10:43:14.194720+00:00Z,41.406442,-2.815222,85.86,WH-MAD
ev-000440,V-011,2026-03-20T10:43:49.194720+00:00Z,38.141504,-4.306548,76.9,WH-VLC
ev-000441,V-046,2026-03-20T10:46:05.194720+00:00Z,40.527839,-4.445337,30.49,WH-VLC
ev-000442,V-016,2026-03-20T10:49:18.194720+00:00Z,38.561839,-4.456825,50.85,WH-MAD
ev-000443,V-045,2026-03-20T10:51:08.194720+00:00Z,38.938296,-3.278885,73.56,WH-VLC
ev-000444,V-042,2026-03-20T10:51:54.194720+00:00Z,41.155202,-4.374019,18.57,WH-BIL
ev-000445,V-042,2026-03-20T10:53:54.194720+00:00Z,38.087204,-2.988119,49.21,WH-BIL
ev-000446,V-001,2026-03-20T10:56:25.194720+00:00Z,41.863189,-3.382016,57.19,WH-VLC
ev-000447,V-040,2026-03-20T10:59:10.194720+00:00Z,41.88809,-3.961279,56.26,WH-MAD
ev-000448,V-033,2026-03-20T11:00:54.194720+00:00Z,41.616845,-3.302171,8.86,WH-SEV
ev-000449,V-038,2026-03-20T11:01:59.194720+00:00Z,38.19943,-2.529479,18.3,WH-BCN
ev-000450,V-005,2026-03-20T11:04:43.194720+00:00Z,41.731686,-3.854009,89.25,WH-SEV
ev-000451,V-047,2026-03-20T11:06:12.194720+00:00Z,41.582244,-3.055654,41.87,WH-BCN
ev-000452,V-045,2026-03-20T11:08:52.194720+00:00Z,40.549475,-4.470118,58.53,WH-VLC
ev-000453,V-036,2026-03-20T11:10:28.194720+00:00Z,41.234294,-2.943554,11.03,WH-MAD
ev-000454,V-030,2026-03-20T11:12:51.194720+00:00Z,38.76312,-3.629408,87.15,WH-BCN
ev-000455,V-025,2026-03-20T11:14:59.194720+00:00Z,38.55776,-4.440912,8.28,WH-VLC
ev-000456,V-048,2026-03-20T11:16:17.194720+00:00Z,40.725305,-3.253347,86.26,WH-BIL
ev-000457,V-035,2026-03-20T11:17:57.194720+00:00Z,39.67742,-3.309161,62.04,WH-VLC
ev-000458,V-048,2026-03-20T11:20:44.194720+00:00Z,39.470036,-3.806869,34.18,WH-SEV
ev-000459,V-009,2026-03-20T11:21:43.194720+00:00Z,41.676339,-2.983393,15.75,WH-VLC
ev-000460,V-007,2026-03-20T11:24:52.194720+00:00Z,38.934786,-4.171858,85.57,WH-BIL
ev-000461,V-010,2026-03-20T11:26:47.194720+00:00Z,38.516789,-4.25347,45.73,WH-MAD
ev-000462,V-009,2026-03-20T11:28:38.194720+00:00Z,38.121303,-4.061571,18.14,WH-MAD
ev-000463,V-024,2026-03-20T11:30:50.194720+00:00Z,38.707765,-4.048935,13.58,WH-MAD
ev-000464,V-008,2026-03-20T11:32:40.194720+00:00Z,40.517349,-3.389096,77.54,WH-SEV
ev-000465,V-018,2026-03-20T11:34:26.194720+00:00Z,38.136251,-3.798338,78.66,WH-BCN
ev-000466,V-037,2026-03-20T11:36:22.194720+00:00Z,38.984021,-3.799149,4.51,WH-VLC
ev-000467,V-044,2026-03-20T11:37:33.194720+00:00Z,41.856198,-4.214344,35.09,WH-VLC
ev-000468,V-047,2026-03-20T11:39:52.194720+00:00Z,40.290768,-2.932478,23.43,WH-BCN
ev-000469,V-011,2026-03-20T11:43:15.194720+00:00Z,41.985037,-4.126301,87.08,WH-BCN
ev-000470,V-050,2026-03-20T11:45:09.194720+00:00Z,39.87591,-3.549443,1.23,WH-BCN
ev-000471,V-011,2026-03-20T11:45:51.194720+00:00Z,39.434579,-2.758643,76.33,WH-SEV
ev-000472,V-049,2026-03-20T11:48:44.194720+00:00Z,38.948996,-3.382998,8.06,WH-BIL
ev-000473,V-019,2026-03-20T11:49:33.194720+00:00Z,40.004465,-3.342294,11.57,WH-VLC
ev-000474,V-031,2026-03-20T11:52:48.194720+00:00Z,39.663796,-3.426693,80.52,WH-MAD
ev-000475,V-047,2026-03-20T11:55:25.194720+00:00Z,41.334244,-2.725171,13.7,WH-SEV
ev-000476,V-022,2026-03-20T11:56:21.194720+00:00Z,38.505726,-4.152583,50.92,WH-VLC
ev-000477,V-016,2026-03-20T11:59:08.194720+00:00Z,41.273756,-2.512317,12.25,WH-SEV
ev-000478,V-041,2026-03-20T12:01:17.194720+00:00Z,41.943854,-3.101618,81.42,WH-BCN
ev-000479,V-001,2026-03-20T12:02:17.194720+00:00Z,38.449292,-3.548869,12.32,WH-MAD
ev-000480,V-041,2026-03-20T12:05:26.194720+00:00Z,38.306734,-3.408582,42.4,WH-VLC
ev-000481,V-029,2026-03-20T12:07:02.194720+00:00Z,38.334225,-3.654588,62.39,WH-BIL
ev-000482,V-026,2026-03-20T12:08:37.194720+00:00Z,40.717347,-4.290272,59.66,WH-BCN
ev-000483,V-006,2026-03-20T12:10:04.194720+00:00Z,40.619683,-2.566272,36.39,WH-BCN
ev-000484,V-009,2026-03-20T12:12:06.194720+00:00Z,39.272737,-3.51476,69.19,WH-VLC
ev-000485,V-050,2026-03-20T12:15:15.194720+00:00Z,39.868309,-2.657282,84.17,WH-SEV
ev-000486,V-026,2026-03-20T12:16:18.194720+00:00Z,41.622538,-2.868672,61.52,WH-BIL
ev-000487,V-028,2026-03-20T12:17:56.194720+00:00Z,38.275362,-2.665383,7.51,WH-VLC
ev-000488,V-024,2026-03-20T12:21:03.194720+00:00Z,38.077227,-3.053303,59.79,WH-VLC
ev-000489,V-038,2026-03-20T12:22:28.194720+00:00Z,41.000674,-3.352096,51.25,WH-MAD
ev-000490,V-008,2026-03-20T12:25:19.194720+00:00Z,38.190296,-4.287138,16.28,WH-BCN
ev-000491,V-005,2026-03-20T12:25:49.194720+00:00Z,38.254254,-4.231613,54.16,WH-BCN
ev-000492,V-022,2026-03-20T12:28:31.194720+00:00Z,40.816712,-2.555978,65.41,WH-BIL
ev-000493,V-003,2026-03-20T12:29:51.194720+00:00Z,41.278102,-3.473872,9.06,WH-BCN
ev-000494,V-009,2026-03-20T12:33:09.194720+00:00Z,39.980716,-3.504806,54.54,WH-MAD
ev-000495,V-018,2026-03-20T12:33:44.194720+00:00Z,38.397423,-4.389868,68.41,WH-MAD
ev-000496,V-043,2026-03-20T12:36:55.194720+00:00Z,39.301309,-3.373036,9.53,WH-SEV
ev-000497,V-008,2026-03-20T12:38:13.194720+00:00Z,41.117092,-2.821374,89.3,WH-BCN
ev-000498,V-016,2026-03-20T12:40:41.194720+00:00Z,39.861763,-3.690142,54.87,WH-MAD
ev-000499,V-009,2026-03-20T12:41:53.194720+00:00Z,38.6505,-3.291123,23.58,WH-VLC
